"Con","Contp","PP","Reg","AgtId","Ver.x","N_characters.x","CowWar.x","BanPers.x","LaRefRet.x","TjPower.x","TjVic.x"
"Afghanistan","Government",2,"Europe and Eurasia",1739,2,10203,851,0,0,0,0
"Afghanistan","Government",2,"Europe and Eurasia",553,1,8371,851,0,0,0,0
"Afghanistan","Government",1,"Europe and Eurasia",409,1,10644,851,0,1,0,0
"Afghanistan","Government",1,"Europe and Eurasia",482,1,2434,851,0,0,0,0
"Algeria","Government",3,"Middle East and North Africa",1595,1,31542,875,0,0,0,0
"Algeria","Government",3,"Middle East and North Africa",1738,1,20128,875,0,0,0,2
"Algeria","Government",3,"Middle East and North Africa",1737,1,17090,875,0,0,0,2
"Algeria","Government",3,"Middle East and North Africa",1255,1,25404,875,0,0,0,1
"Algeria","Government",3,"Middle East and North Africa",1044,1,7534,875,0,0,0,1
"Algeria","Government",3,"Middle East and North Africa",484,1,24372,875,0,0,1,0
"Angola","Government",4,"Africa (excl MENA)",978,1,45258,907,0,0,0,0
"Angola","Government",4,"Africa (excl MENA)",305,1,7584,907,0,0,0,1
"Angola","Government",4,"Africa (excl MENA)",299,1,2894,907,0,0,0,0
"Angola","Government",4,"Africa (excl MENA)",300,1,3614,907,0,0,0,0
"Angola","Government",4,"Africa (excl MENA)",301,1,2894,907,0,0,0,1
"Angola","Government",4,"Africa (excl MENA)",1,1,2756,907,0,0,0,0
"Angola","Government",4,"Africa (excl MENA)",439,1,138110,880,0,0,0,0
"Angola","Government",4,"Africa (excl MENA)",1318,1,2798,880,0,0,0,0
"Angola","Government",4,"Africa (excl MENA)",207,1,2283,804,0,0,0,0
"Angola","Government",4,"Africa (excl MENA)",1316,1,76149,880,0,0,0,0
"Angola","Government",4,"Africa (excl MENA)",1319,1,27131,880,0,0,0,0
"Angola","Government",4,"Africa (excl MENA)",1317,1,3437,880,0,0,0,0
"Angola/Burundi/Central African Republic/Democratic Republic of Congo/Kenya/Republic of Congo/Rwanda/Sudan/Tanzania/Uganda/Zambia/(African Great Lakes)","Government",6,"Africa (excl MENA)",668,1,31012,905,0,0,0,0
"Angola/Burundi/Central African Republic/Democratic Republic of Congo/Kenya/Republic of Congo/Rwanda/Sudan/Tanzania/Uganda/Zambia/(African Great Lakes)","Government",6,"Africa (excl MENA)",349,1,25745,905,0,0,0,0
"Angola/Burundi/Central African Republic/Democratic Republic of Congo/Republic of Congo/Rwanda/South Africa/South Sudan/Tanzania/Uganda/Zambia/(African Great Lakes)","Government",6,"Africa (excl MENA)",789,1,7236,905,0,0,0,0
"Angola/Cabinda ","Government/territory",137,"Africa (excl MENA)",1336,1,194252,907,1,0,0,0
"Angola/Central African Republic/Democratic Republic of Congo/Kenya/Republic of Congo/Rwanda/Sudan/Tanzania/Uganda/Zambia/(African Great Lakes)","Government",6,"Africa (excl MENA)",1062,1,21505,905,0,0,0,0
"Armenia/Azerbaijan/(Nagorno-Karabakh)","Government/territory",8,"Europe and Eurasia",1926,2,1253,872,0,0,0,0
"Armenia/Azerbaijan/(Nagorno-Karabakh)","Government/territory",8,"Europe and Eurasia",1687,1,1315,872,0,0,0,0
"Armenia/Azerbaijan/(Nagorno-Karabakh)","Government/territory",8,"Europe and Eurasia",1686,1,2049,872,0,0,0,0
"Armenia/Azerbaijan/(Nagorno-Karabakh)","Government/territory",8,"Europe and Eurasia",1684,1,5177,872,0,0,0,0
"Armenia/Azerbaijan/Nagorno-Karabakh","Government/territory",8,"Europe and Eurasia",1733,1,1841,872,0,0,0,0
"Armenia/Azerbaijan/Nagorno-Karabakh","Government/territory",8,"Europe and Eurasia",990,1,1836,872,0,0,0,0
"Armenia/Azerbaijan/Nagorno-Karabakh","Territory",8,"Europe and Eurasia",310,1,2812,872,0,0,0,0
"Armenia/Azerbaijan/Nagorno-Karabakh","Government/territory",8,"Europe and Eurasia",1732,1,1771,872,0,0,0,0
"Armenia/Azerbaijan/Nagorno-Karabakh","Government/territory",8,"Europe and Eurasia",1731,1,2445,872,0,0,0,0
"Armenia/Azerbaijan/Nagorno-Karabakh","Government/territory",8,"Europe and Eurasia",1730,1,839,872,0,0,0,0
"Armenia/Azerbaijan/Nagorno-Karabakh","Government/territory",8,"Europe and Eurasia",1729,1,1481,872,0,0,0,0
"Armenia/Azerbaijan/Nagorno-Karabakh","Government/territory",8,"Europe and Eurasia",1728,1,2079,872,0,0,0,0
"Armenia/Azerbaijan/Nagorno-Karabakh","Government/territory",8,"Europe and Eurasia",1727,1,830,872,0,0,0,0
"Armenia/Azerbaijan/Nagorno-Karabakh","Government/territory",8,"Europe and Eurasia",1726,1,1071,872,0,0,0,0
"Armenia/Azerbaijan/Nagorno-Karabakh","Government/territory",8,"Europe and Eurasia",1725,1,2040,872,0,0,0,0
"Armenia/Azerbaijan/Nagorno-Karabakh","Government/territory",8,"Europe and Eurasia",1724,1,753,872,0,0,0,0
"Armenia/Azerbaijan/Nagorno-Karabakh","Government/territory",8,"Europe and Eurasia",1723,1,582,872,0,0,0,0
"Armenia/Azerbaijan/Nagorno-Karabakh","Government/territory",8,"Europe and Eurasia",1722,1,1432,872,0,0,0,0
"Armenia/Azerbaijan/Nagorno-Karabakh","Government/territory",8,"Europe and Eurasia",1721,1,995,872,0,0,0,0
"Armenia/Azerbaijan/(Nagorno-Karabakh)","Government/territory",8,"Europe and Eurasia",1683,1,3248,872,0,0,0,0
"Armenia/Azerbaijan/Russia/(Nagorno-Karabakh)","Government/territory",8,"Europe and Eurasia",1925,2,1445,872,0,0,0,0
"Armenia/Azerbaijan/Russia/(Nagorno-Karabakh)","Government/territory",8,"Europe and Eurasia",1685,1,1139,872,0,0,0,2
"Armenia/Azerbaijan/Russia/(Nagorno-Karabakh)","Government/territory",8,"Europe and Eurasia",823,1,2208,872,0,0,0,0
"Armenia/Azerbaijan/Russia/(Nagorno-Karabakh)","Government/territory",8,"Europe and Eurasia",611,1,5666,872,0,0,0,0
"(Bougainville)/(United Nations)","Government/territory",9,"Cross-regional",1287,1,2719,854,0,0,0,0
"Burundi","Government",141,"Africa (excl MENA)",1908,2,2845,918,0,0,0,0
"Burundi","Government",141,"Africa (excl MENA)",1934,2,5130,918,0,0,0,0
"Burundi","Government",16,"Africa (excl MENA)",713,1,7395,918,0,0,0,0
"Burundi","Government",16,"Africa (excl MENA)",1907,2,2378,918,0,0,0,0
"Burundi","Government",16,"Africa (excl MENA)",712,1,4291,918,0,0,0,0
"Burundi","Government",16,"Africa (excl MENA)",1905,2,6238,918,0,0,0,0
"Burundi","Government",16,"Africa (excl MENA)",711,1,1879,918,0,0,0,0
"Burundi","Government",16,"Africa (excl MENA)",336,1,31235,918,0,0,0,0
"Burundi","Government",16,"Africa (excl MENA)",702,1,18163,918,0,0,0,0
"Burundi","Government",16,"Africa (excl MENA)",1421,1,114813,918,0,0,1,0
"Burundi","Government",16,"Africa (excl MENA)",202,1,8462,918,0,0,0,0
"Burundi","Inter-group",148,"Africa (excl MENA)",2034,2,5210,918,0,0,0,0
"Burundi","Government",16,"Africa (excl MENA)",1419,1,6616,918,0,0,0,0
"Burundi","Government",16,"Africa (excl MENA)",568,1,7337,918,0,0,0,0
"Burundi","Government",16,"Africa (excl MENA)",565,1,76097,918,0,0,0,0
"Burundi","Government",16,"Africa (excl MENA)",584,1,6005,918,0,0,0,0
"Burundi","Government",16,"Africa (excl MENA)",582,1,10370,918,0,0,0,0
"Burundi","Government",16,"Africa (excl MENA)",1304,1,1901,918,0,0,0,0
"Burundi","Government",16,"Africa (excl MENA)",1904,2,4790,918,0,0,0,0
"Burundi","Government",16,"Africa (excl MENA)",321,1,23818,918,0,0,0,0
"Burundi","Government",16,"Africa (excl MENA)",1425,1,114277,918,0,1,1,3
"Burundi","Government",16,"Africa (excl MENA)",306,1,331603,883,1,1,0,3
"Burundi","Government",16,"Africa (excl MENA)",380,1,10649,883,0,0,0,0
"Burundi","Government",16,"Africa (excl MENA)",303,1,26662,883,0,0,0,0
"Burundi","Government",16,"Africa (excl MENA)",1045,1,8319,883,0,0,0,0
"Cambodia","Government",17,"Asia and Pacific",196,1,2249,857,0,0,0,0
"Cambodia","Government",17,"Asia and Pacific",243,1,9722,857,0,0,0,0
"Cambodia","Government",17,"Asia and Pacific",252,1,58401,857,0,1,0,0
"Cambodia","Government",17,"Asia and Pacific",378,1,9482,857,0,0,0,0
"Cambodia","Government",17,"Asia and Pacific",364,1,4725,857,0,0,0,0
"Cambodia","Government",17,"Asia and Pacific",1332,1,23288,857,0,0,0,0
"Central African Republic/Chad/Sudan/(Darfur)","Territory",21,"Africa (excl MENA)",133,1,3106,927,0,0,0,0
"Chad","Government",26,"Africa (excl MENA)",804,1,4743,937,0,0,0,0
"Chad","Government",26,"Africa (excl MENA)",762,1,5589,937,0,0,0,0
"Chad","Government",26,"Africa (excl MENA)",761,1,5168,937,0,0,0,0
"Chad","Government",26,"Africa (excl MENA)",1265,1,24865,937,0,0,0,0
"Chad","Government",22,"Africa (excl MENA)",615,1,3791,906,0,0,0,0
"Chad","Government",22,"Africa (excl MENA)",910,1,3278,906,0,0,0,0
"Colombia","Government",144,"Americas",2045,2,4138,856,0,0,0,0
"Colombia","Government",144,"Americas",2043,2,4464,856,0,0,0,0
"Colombia","Government",144,"Americas",1890,2,1453,856,0,0,0,0
"Colombia","Government",144,"Americas",1937,2,1695,856,0,0,0,0
"Colombia","Government",144,"Americas",1936,2,1561,856,0,0,0,0
"Colombia","Government",101,"Americas",1845,2,908459,856,0,1,1,3
"Colombia","Inter-group",101,"Americas",2127,2,2808,856,0,0,0,1
"Colombia","Government/territory",101,"Americas",2068,2,3973,856,0,0,0,0
"Colombia","Government",101,"Americas",1821,2,3358,856,0,0,0,0
"Colombia","Government",101,"Americas",2065,2,809,856,0,0,0,0
"Colombia","Government",101,"Americas",1736,2,30456,856,0,0,0,0
"Colombia","Government",101,"Americas",1796,2,63723,856,0,0,0,3
"Colombia","Government",101,"Americas",1655,2,8485,856,0,0,0,1
"Colombia","Government",101,"Americas",1656,2,6954,856,0,0,0,0
"Colombia","Government",101,"Americas",1935,2,9335,856,0,0,0,1
"Colombia","Government",101,"Americas",1548,2,3543,856,0,0,0,0
"Colombia","Government",101,"Americas",1549,2,2703,856,0,0,0,0
"Colombia","Government",101,"Americas",1547,1,174228,856,0,1,0,3
"Colombia","Government",101,"Americas",1368,1,16927,856,0,0,0,2
"Colombia","Government",101,"Americas",1369,1,5409,856,0,0,0,3
"Colombia","Government",101,"Americas",1397,1,3287,856,0,0,0,0
"Colombia","Government",101,"Americas",1398,1,26386,856,0,0,0,3
"Colombia","Government",101,"Americas",1396,1,2578,856,0,0,0,1
"Colombia","Government",101,"Americas",1395,1,6276,856,0,0,0,0
"Colombia","Government",101,"Americas",1394,1,1303,856,0,0,0,1
"Colombia","Government",101,"Americas",1392,1,12664,856,0,0,0,2
"Colombia","Government",101,"Americas",1391,1,3289,856,0,0,0,2
"Colombia","Government",101,"Americas",817,1,56942,856,0,1,0,2
"Colombia","Government",101,"Americas",815,1,71334,856,0,0,0,0
"Colombia","Government",101,"Americas",812,1,52892,856,0,0,0,1
"Colombia","Government",101,"Americas",786,1,8733,856,0,0,0,2
"Colombia","Government",100,"Americas",827,1,2842,856,0,0,0,0
"Colombia","Government",100,"Americas",146,1,7247,856,0,0,0,0
"Colombia","Government",100,"Americas",167,1,4173,856,0,0,0,0
"Colombia","Government",99,"Americas",153,1,5723,856,0,0,0,0
"Colombia","Government",99,"Americas",1144,1,2012,856,0,0,0,0
"Colombia","Government",99,"Americas",157,1,13094,856,0,0,0,0
"Colombia","Government",99,"Americas",1151,1,4881,856,0,0,0,0
"Colombia","Government",99,"Americas",159,1,2928,856,0,0,0,0
"Colombia","Government",99,"Americas",154,1,5474,856,0,0,0,0
"Colombia","Government",99,"Americas",1150,1,3010,856,0,0,0,0
"Colombia","Government",99,"Americas",170,1,6974,856,0,0,0,0
"Colombia","Government",99,"Americas",1142,1,3160,856,0,0,0,0
"Colombia","Government",99,"Americas",1141,1,2239,856,0,0,0,0
"Colombia","Government",99,"Americas",1140,1,2873,856,0,0,0,0
"Colombia","Government",99,"Americas",1138,1,1540,856,0,0,0,0
"Colombia","Government",99,"Americas",145,1,3525,856,0,0,0,0
"Colombia","Inter-group",99,"Americas",184,1,1786,856,0,0,0,0
"Colombia","Government",99,"Americas",1146,1,13239,856,0,0,0,0
"Colombia","Government",99,"Americas",1543,1,5119,856,0,0,0,0
"Colombia","Government",99,"Americas",1126,1,6857,856,0,0,0,1
"Colombia","Government",99,"Americas",1149,1,3002,856,0,0,0,0
"Colombia","Government",99,"Americas",174,1,1207,856,0,0,0,0
"Colombia","Government",99,"Americas",1137,1,5235,856,0,0,0,0
"Colombia","Government",99,"Americas",172,1,3570,856,0,0,0,0
"Colombia","Government",99,"Americas",1136,1,2842,856,0,0,0,0
"Colombia","Government",99,"Americas",1139,1,3613,856,0,0,0,0
"Colombia","Government",99,"Americas",1134,1,6028,856,0,0,0,0
"Colombia","Government",99,"Americas",1135,1,3062,856,0,0,0,0
"Colombia","Government",99,"Americas",160,1,8299,856,0,0,0,0
"Colombia","Government",99,"Americas",161,1,5506,856,0,0,0,0
"Colombia","Government",99,"Americas",183,1,2545,856,0,0,0,0
"Colombia","Government",99,"Americas",1133,1,7002,856,0,0,0,0
"Colombia","Government",99,"Americas",1132,1,1884,856,0,0,0,0
"Colombia","Government",99,"Americas",165,1,4123,856,0,0,0,0
"Colombia","Government",99,"Americas",176,1,3261,856,0,0,0,0
"Colombia","Government",99,"Americas",177,1,1874,856,0,0,0,0
"Colombia","Government",99,"Americas",178,1,8655,856,0,0,0,0
"Colombia","Government",99,"Americas",179,1,2646,856,0,0,0,0
"Colombia","Government",99,"Americas",180,1,2248,856,0,0,0,0
"Colombia","Government",99,"Americas",1148,1,2505,856,0,0,0,0
"Colombia","Government",99,"Americas",155,1,3479,856,0,0,0,0
"Colombia","Government",99,"Americas",1131,1,2825,856,0,0,0,0
"Colombia","Government",99,"Americas",162,1,2474,856,0,0,0,0
"Colombia","Government",99,"Americas",1130,1,1630,856,0,0,0,0
"Colombia","Government",99,"Americas",1129,1,1810,856,0,0,0,0
"Colombia","Government",99,"Americas",1128,1,1625,856,0,0,0,0
"Colombia","Government",99,"Americas",1127,1,1722,856,0,0,0,0
"Colombia","Government",99,"Americas",1145,1,8535,856,0,0,0,0
"Colombia","Government",98,"Americas",150,1,31827,856,0,0,0,0
"Colombia","Government",98,"Americas",156,1,10913,856,0,0,0,0
"Colombia","Government",98,"Americas",171,1,5687,856,0,0,0,0
"Colombia","Government",98,"Americas",1034,1,1724,856,0,0,0,0
"Colombia","Government",98,"Americas",1122,1,2465,856,0,0,0,0
"Colombia","Government",98,"Americas",1124,1,3580,856,0,0,0,0
"Colombia","Government",98,"Americas",1121,1,1968,856,0,0,0,0
"Colombia","Government",98,"Americas",1120,1,6363,856,0,0,0,0
"Colombia","Government",98,"Americas",1119,1,1838,856,0,0,0,0
"Colombia","Government",98,"Americas",1118,1,1958,856,0,0,0,0
"Colombia","Government",98,"Americas",1117,1,2186,856,0,0,0,0
"Colombia","Government",97,"Americas",148,1,9810,856,0,0,0,0
"Colombia","Government",97,"Americas",919,1,1760,856,0,0,0,0
"Colombia","Government",97,"Americas",147,1,22259,856,0,0,0,0
"Colombia","Government",97,"Americas",173,1,28266,856,0,1,0,2
"Colombia","Government",97,"Americas",1111,1,9722,856,0,0,0,0
"Colombia","Government",97,"Americas",1110,1,3465,856,0,0,0,0
"Colombia","Government",97,"Americas",1341,1,4096,856,0,0,0,0
"Colombia","Government",97,"Americas",1109,1,1875,856,0,0,0,0
"Colombia","Government",97,"Americas",164,1,4260,856,0,0,0,0
"Colombia","Government",97,"Americas",1108,1,2458,856,0,0,0,0
"Colombia","Government",97,"Americas",1107,1,1602,856,0,0,0,0
"Colombia","Government",97,"Americas",1106,1,1035,856,0,0,0,0
"Colombia","Government",97,"Americas",1105,1,694,856,0,0,0,0
"Colombia","Government",97,"Americas",1104,1,5126,856,0,0,0,0
"Colombia","Government",97,"Americas",1103,1,1696,856,0,0,0,0
"Colombia","Government",97,"Americas",1102,1,1952,856,0,0,0,0
"Colombia","Government",97,"Americas",163,1,347199,856,0,0,1,3
"Colombia","Government",97,"Americas",1101,1,4633,856,0,0,0,0
"Colombia","Government",97,"Americas",1100,1,2400,856,0,0,0,0
"Colombia","Government",97,"Americas",166,1,5024,856,0,0,0,0
"Colombia","Government",97,"Americas",151,1,23404,856,0,0,0,0
"Colombia","Government",97,"Americas",158,1,2603,856,0,0,0,0
"Colombia","Government",97,"Americas",1098,1,1660,856,0,0,0,0
"Colombia","Government",97,"Americas",149,1,28837,856,0,0,0,2
"Colombia","Government",97,"Americas",1093,1,10429,856,0,0,0,1
"Colombia","Government",97,"Americas",1092,1,2924,856,0,0,0,0
"Colombia","Government",97,"Americas",152,1,22918,856,0,0,0,2
"Colombia","Government",97,"Americas",1096,1,4353,856,0,0,0,0
"Colombia","Government",97,"Americas",1091,1,6148,856,0,0,0,2
"Colombia","Government",97,"Americas",1094,1,2948,856,0,0,0,0
"Colombia","Government",97,"Americas",1095,1,5245,856,0,0,0,0
"Colombia","Government",97,"Americas",1099,1,3345,856,0,0,0,0
"Colombia","Government",97,"Americas",1090,1,3574,856,0,0,0,0
"Colombia","Government",97,"Americas",1089,1,4896,856,0,0,0,0
"Colombia","Government",97,"Americas",1088,1,3225,856,0,0,0,0
"Colombia","Government",97,"Americas",1097,1,2025,856,0,0,0,0
"Colombia","Government",97,"Americas",920,1,4366,856,0,0,0,0
"Colombia","Government",97,"Americas",168,1,8168,856,0,0,0,0
"Colombia/Venezuela","Government",101,"Americas",1083,1,2563,856,0,0,0,0
"Costa Rica/El Salvador/Guatemala/Honduras/Nicaragua","Government",29,"Americas",887,1,12997,828,0,0,0,0
"Cote d'Ivoire","Government",5,"Africa (excl MENA)",720,1,12270,925,0,0,0,0
"Cote d'Ivoire","Government",5,"Africa (excl MENA)",674,1,1000,925,0,0,0,0
"Cote d'Ivoire","Government",5,"Africa (excl MENA)",673,1,5444,925,0,0,0,0
"Cote d'Ivoire","Government",5,"Africa (excl MENA)",1261,1,1145,925,0,0,0,0
"Cote d'Ivoire","Government",5,"Africa (excl MENA)",119,1,25899,925,0,0,0,0
"Cote d'Ivoire","Government",5,"Africa (excl MENA)",701,1,17261,925,0,0,0,0
"Cote d'Ivoire","Government",5,"Africa (excl MENA)",536,1,13269,925,0,0,0,0
"Cote d'Ivoire","Government",5,"Africa (excl MENA)",363,1,10379,925,0,0,0,0
"Cote d'Ivoire","Government",5,"Africa (excl MENA)",489,1,12791,925,0,0,0,0
"Cote d'Ivoire","Government",5,"Africa (excl MENA)",210,1,14146,925,0,0,0,0
"Cote d'Ivoire","Government",5,"Africa (excl MENA)",421,1,7700,925,0,0,0,0
"Cote d'Ivoire","Government",5,"Africa (excl MENA)",200,1,2800,925,0,0,0,0
"Cote d'Ivoire","Government",5,"Africa (excl MENA)",195,1,5379,925,0,0,0,0
"Cote d'Ivoire","Government",5,"Africa (excl MENA)",473,1,10221,925,0,0,0,0
"Cote d'Ivoire","Government",5,"Africa (excl MENA)",436,1,28051,925,0,0,0,1
"Cote d'Ivoire","Government",5,"Africa (excl MENA)",1053,1,2653,925,0,0,0,0
"Cote d'Ivoire","Government",5,"Africa (excl MENA)",208,1,2121,925,0,0,0,0
"Cote d'Ivoire","Government",5,"Africa (excl MENA)",199,1,1650,925,0,0,0,0
"Cote d'Ivoire","Government",5,"Africa (excl MENA)",540,1,16713,925,0,0,0,1
"Croatia/Slovenia/Yugoslavia (former)","Government/territory",126,"Europe and Eurasia",1229,1,11272,864,0,0,0,0
"Croatia/Slovenia/Yugoslavia (former)","Government/territory",127,"Europe and Eurasia",422,1,9048,864,0,0,0,0
"Croatia/Yugoslavia (former)","Government/territory",126,"Europe and Eurasia",1220,1,21160,891,0,1,0,0
"Croatia/Yugoslavia (former)","Government/territory",126,"Europe and Eurasia",1219,1,1678,891,0,0,0,0
"Croatia/Yugoslavia (former)","Government/territory",127,"Europe and Eurasia",287,1,7608,891,0,1,0,0
"Croatia/Yugoslavia (former)","Government/territory",127,"Europe and Eurasia",1218,1,10122,891,0,0,0,0
"Croatia/Yugoslavia (former)","Government",127,"Europe and Eurasia",1217,1,2500,891,0,0,0,0
"Croatia/Yugoslavia (former)","Government/territory",127,"Europe and Eurasia",563,1,4856,891,0,1,0,0
"Croatia/Yugoslavia (former)","Government/territory",127,"Europe and Eurasia",1181,1,2707,891,1,1,0,0
"Croatia/Yugoslavia (former)","Government/territory",127,"Europe and Eurasia",1468,1,3357,891,0,0,0,0
"Croatia/Yugoslavia (former)","Government/territory",127,"Europe and Eurasia",1215,1,3581,891,0,0,0,0
"Croatia/Yugoslavia (former)","Government/territory",127,"Europe and Eurasia",1200,1,12327,864,0,0,0,0
"Croatia/Yugoslavia (former)","Government/territory",127,"Europe and Eurasia",324,1,14915,864,0,0,0,0
"Croatia/Yugoslavia (former)","Government/territory",127,"Europe and Eurasia",1875,1,1402,891,0,0,0,0
"Croatia/Yugoslavia (former)","Government/territory",127,"Europe and Eurasia",1464,1,1153,864,0,0,0,0
"Croatia/Yugoslavia (former)","Government/territory",127,"Europe and Eurasia",1463,1,979,864,0,0,0,0
"Croatia/Yugoslavia (former)","Government/territory",127,"Europe and Eurasia",1462,1,1203,864,0,0,0,0
"Croatia/Yugoslavia (former)","Government/territory",127,"Europe and Eurasia",1938,2,1133,864,0,0,0,0
"Croatia/Yugoslavia (former)","Government/territory",127,"Europe and Eurasia",1461,1,3125,864,0,0,0,0
"Croatia/Yugoslavia (former)","Government/territory",127,"Europe and Eurasia",1460,1,2327,864,0,0,0,0
"Croatia/Yugoslavia (former)","Government/territory",127,"Europe and Eurasia",1851,1,1820,864,0,0,0,0
"Croatia/Yugoslavia (former)","Government/territory",127,"Europe and Eurasia",1882,1,946,864,0,0,0,0
"Croatia/Yugoslavia (former)","Government/territory",127,"Europe and Eurasia",1019,1,2567,864,0,0,0,0
"Croatia/Yugoslavia (former)","Government/territory",127,"Europe and Eurasia",1880,1,8018,864,0,0,0,1
"Croatia/Yugoslavia (former)","Government/territory",127,"Europe and Eurasia",1888,1,11563,864,0,0,0,0
"Croatia/Yugoslavia (former)","Government/territory",127,"Europe and Eurasia",1457,1,15175,864,0,0,0,0
"Croatia/Yugoslavia (former)","Government/territory",127,"Europe and Eurasia",1456,1,2511,864,0,0,0,0
"Croatia/Yugoslavia (former)","Government/territory",127,"Europe and Eurasia",1455,1,4840,864,0,0,0,0
"Croatia/Yugoslavia (former)","Government/territory",127,"Europe and Eurasia",1173,1,14629,864,0,0,0,0
"Croatia/Yugoslavia (former)","Government/territory",127,"Europe and Eurasia",1454,1,7248,864,0,0,0,2
"Croatia/Yugoslavia (former)","Government/territory",127,"Europe and Eurasia",318,1,1083,864,0,0,0,0
"Croatia/Yugoslavia (former)","Government/territory",127,"Europe and Eurasia",1453,1,10667,864,0,0,0,0
"Croatia/Yugoslavia (former)","Government/territory",127,"Europe and Eurasia",1651,1,1170,864,0,0,0,0
"Croatia/Yugoslavia (former)","Government/territory",127,"Europe and Eurasia",1650,1,2837,864,0,0,0,2
"Croatia/Yugoslavia (former)","Government/territory",127,"Europe and Eurasia",1649,1,3583,864,0,0,0,0
"Croatia/Yugoslavia (former)","Government/territory",127,"Europe and Eurasia",1879,1,1135,864,0,0,0,1
"Croatia/Yugoslavia (former)","Government/territory",127,"Europe and Eurasia",1452,1,632,864,0,0,0,0
"Croatia/Yugoslavia (former)","Government/territory",127,"Europe and Eurasia",1451,1,4157,864,0,0,0,0
"Croatia/Yugoslavia (former)","Government/territory",127,"Europe and Eurasia",1648,1,2363,864,0,0,0,0
"Croatia/Yugoslavia (former)","Government/territory",127,"Europe and Eurasia",1450,1,1546,864,0,0,0,0
"Croatia/Yugoslavia (former)","Government/territory",127,"Europe and Eurasia",1449,1,2247,864,0,0,0,0
"Croatia/Yugoslavia (former)","Government/territory",127,"Europe and Eurasia",1647,1,13926,864,0,0,0,0
"Croatia/Yugoslavia (former)","Government/territory",127,"Europe and Eurasia",1448,1,3239,864,0,0,0,0
"Democratic Republic of Congo","Government",28,"Africa (excl MENA)",404,1,160269,905,1,1,0,2
"Democratic Republic of Congo","Government",28,"Africa (excl MENA)",1303,1,93134,905,0,0,1,0
"Democratic Republic of Congo","Government",28,"Africa (excl MENA)",455,1,5005,905,0,0,0,0
"Democratic Republic of Congo","Government",28,"Africa (excl MENA)",394,1,35179,905,0,0,0,0
"Democratic Republic of Congo","Government",28,"Africa (excl MENA)",623,1,31526,905,0,0,0,0
"Democratic Republic of Congo","Government",28,"Africa (excl MENA)",213,1,4718,905,0,1,0,1
"Democratic Republic of Congo","Government",28,"Africa (excl MENA)",356,1,2120,905,0,0,0,0
"Democratic Republic of Congo","Government",28,"Africa (excl MENA)",319,1,28999,905,0,0,0,0
"Democratic Republic of Congo","Government",28,"Africa (excl MENA)",1043,1,3079,905,0,0,0,0
"Democratic Republic of Congo/Rwanda","Government",28,"Africa (excl MENA)",477,1,9140,905,0,0,0,0
"Democratic Republic of Congo/Rwanda","Government",28,"Africa (excl MENA)",1194,1,9305,905,0,0,0,0
"Democratic Republic of Congo/Uganda","Government",28,"Africa (excl MENA)",1193,1,3193,905,0,0,0,0
"Democratic Republic of Congo/Uganda","Government",28,"Africa (excl MENA)",1236,1,2712,905,0,0,0,0
"Democratic Republic of Congo/Uganda","Government",28,"Africa (excl MENA)",236,1,7537,905,0,0,0,0
"El Salvador","Government",36,"Americas",424,1,2318,817,0,0,0,0
"El Salvador","Government",36,"Americas",593,1,21197,817,0,1,0,3
"El Salvador","Government",36,"Americas",246,1,20843,817,1,1,0,0
"El Salvador","Government",36,"Americas",552,1,9365,817,0,1,0,0
"El Salvador","Government",36,"Americas",332,1,9223,817,0,1,0,0
"El Salvador","Government",36,"Americas",474,1,157177,817,1,1,0,1
"El Salvador","Government",36,"Americas",1020,1,1026,817,0,0,0,0
"El Salvador","Government",36,"Americas",465,1,2664,817,0,0,0,0
"El Salvador","Government",36,"Americas",467,1,13008,817,0,1,0,0
"El Salvador","Government",36,"Americas",601,1,5303,817,0,0,0,0
"El Salvador","Government",36,"Americas",456,1,39291,817,0,0,0,0
"El Salvador","Government",36,"Americas",265,1,11086,817,0,0,0,0
"El Salvador","Government",36,"Americas",387,1,4256,817,0,0,0,0
"El Salvador","Government",36,"Americas",393,1,5346,817,0,0,0,0
"Eritrea/Ethiopia","Territory",37,"Africa (excl MENA)",2098,2,2437,923,0,0,0,0
"Eritrea/Ethiopia","Territory",37,"Africa (excl MENA)",2097,2,1687,923,0,0,0,0
"Eritrea/Ethiopia/Somalia/Ogaden","Territory",37,"Africa (excl MENA)",2099,2,1242,923,0,0,0,0
"Eritrea/Somalia","Territory",37,"Africa (excl MENA)",2100,2,1674,913,0,0,0,0
"Georgia/Abkhazia","Government/territory",43,"Europe and Eurasia",725,1,2748,882,0,0,0,0
"Georgia/Abkhazia","Government/territory",43,"Europe and Eurasia",1059,1,3620,882,0,0,0,0
"Georgia/Abkhazia","Government/territory",43,"Europe and Eurasia",1056,1,2257,882,0,0,0,0
"Georgia/Abkhazia","Government/territory",43,"Europe and Eurasia",1511,1,2646,882,0,0,0,0
"Georgia/Abkhazia","Government/territory",43,"Europe and Eurasia",609,1,11358,882,0,0,0,0
"Georgia/Abkhazia","Government/territory",43,"Europe and Eurasia",1510,1,4075,882,0,0,0,2
"Georgia/Abkhazia","Government/territory",43,"Europe and Eurasia",412,1,6675,882,0,0,0,0
"Georgia/Abkhazia","Government/territory",43,"Europe and Eurasia",25,1,1985,882,0,0,0,0
"Georgia/Abkhazia","Government/territory",43,"Europe and Eurasia",24,1,6404,882,0,0,0,0
"Georgia/Abkhazia","Government/territory",43,"Europe and Eurasia",307,1,5544,882,0,0,0,2
"Georgia/Abkhazia","Government/territory",43,"Europe and Eurasia",23,1,2751,882,0,0,0,0
"Georgia/Abkhazia","Government/territory",43,"Europe and Eurasia",22,1,5010,882,0,0,0,0
"Georgia/Abkhazia","Government/territory",43,"Europe and Eurasia",21,1,11573,882,0,0,0,0
"Georgia/Abkhazia","Government/territory",43,"Europe and Eurasia",20,1,1829,882,0,0,0,0
"Georgia/Abkhazia","Government/territory",43,"Europe and Eurasia",19,1,4619,882,0,0,0,0
"Georgia/Abkhazia","Government/territory",43,"Europe and Eurasia",18,1,8686,882,0,0,0,0
"Georgia/Abkhazia","Government/territory",43,"Europe and Eurasia",17,1,3269,882,0,0,0,0
"Georgia/Abkhazia","Government/territory",43,"Europe and Eurasia",525,1,8648,882,0,0,0,0
"Georgia/Abkhazia","Government/territory",43,"Europe and Eurasia",342,1,7420,882,0,0,0,0
"Georgia/Abkhazia","Government/territory",43,"Europe and Eurasia",546,1,2238,882,0,0,0,0
"Georgia/Abkhazia","Government/territory",43,"Europe and Eurasia",9,1,3358,882,0,0,0,0
"Georgia/Abkhazia","Government/territory",43,"Europe and Eurasia",603,1,10419,882,0,0,0,0
"Georgia/Abkhazia","Government/territory",43,"Europe and Eurasia",247,1,5786,882,0,0,0,0
"Georgia/Abkhazia","Government/territory",43,"Europe and Eurasia",492,1,2535,882,0,0,0,0
"Georgia/Abkhazia","Government/territory",43,"Europe and Eurasia",361,1,5046,882,0,0,0,0
"Georgia/Abkhazia","Territory",43,"Europe and Eurasia",13,1,6810,882,0,0,0,0
"Georgia/Abkhazia","Territory",43,"Europe and Eurasia",12,1,3675,882,0,0,0,0
"Georgia/Abkhazia","Government/territory",43,"Europe and Eurasia",1693,1,5694,882,0,0,0,0
"Georgia/Abkhazia","Territory",43,"Europe and Eurasia",249,1,5684,882,0,0,0,0
"Georgia/Abkhazia","Government/territory",43,"Europe and Eurasia",1025,1,2435,882,0,0,0,0
"Georgia/(Abkhazia)/(Ossetia)","Government/territory",43,"Europe and Eurasia",724,1,731,882,0,0,0,0
"Georgia/Russia/(Abkhazia)","Government/territory",43,"Europe and Eurasia",1780,1,5384,882,0,0,0,0
"Georgia/Russia/(Abkhazia)","Government/territory",43,"Europe and Eurasia",1781,1,21214,882,0,0,0,0
"Georgia/Russia/Abkhazia","Government/territory",43,"Europe and Eurasia",1779,1,2686,882,0,0,0,0
"Georgia/Russia/Abkhazia","Government/territory",43,"Europe and Eurasia",1778,1,1679,882,0,0,0,0
"Georgia/Russia/Abkhazia","Government/territory",43,"Europe and Eurasia",1777,1,2382,882,0,0,0,0
"Georgia/Russia/Abkhazia","Government/territory",43,"Europe and Eurasia",1776,1,1881,882,0,0,0,0
"Georgia/Russia/Abkhazia","Government/territory",43,"Europe and Eurasia",1775,1,1220,882,0,0,0,0
"Georgia/Russia/Abkhazia","Government/territory",43,"Europe and Eurasia",1774,1,1228,882,0,0,0,2
"Georgia/Russia/Abkhazia","Government/territory",43,"Europe and Eurasia",1785,1,3955,882,0,0,0,2
"Georgia/Russia/Abkhazia","Government/territory",43,"Europe and Eurasia",1773,1,3113,882,0,0,0,0
"Georgia/Russia/Abkhazia","Government/territory",43,"Europe and Eurasia",1794,1,1828,882,0,0,0,0
"Georgia/Russia/Abkhazia","Government/territory",43,"Europe and Eurasia",1795,1,4839,882,0,0,0,0
"Georgia/Russia/Abkhazia","Government/territory",43,"Europe and Eurasia",1803,1,1626,882,0,0,0,0
"Georgia/Russia/(Abkhazia)","Government/territory",43,"Europe and Eurasia",1704,1,2102,882,0,0,0,0
"Georgia/Russia/Abkhazia","Government/territory",43,"Europe and Eurasia",1784,1,5167,882,0,0,0,0
"Georgia/Russia/Abkhazia","Government/territory",43,"Europe and Eurasia",1783,1,4649,882,0,0,0,0
"Georgia/Russia/Abkhazia","Government/territory",43,"Europe and Eurasia",1782,1,3706,882,0,0,0,0
"Georgia/Russia/Abkhazia","Government/territory",43,"Europe and Eurasia",524,1,13601,882,0,1,0,0
"Georgia/Russia/(Abkhazia)","Government/territory",43,"Europe and Eurasia",1026,1,4766,882,0,0,0,0
"Georgia/Russia/Abkhazia","Government/territory",43,"Europe and Eurasia",10,1,6205,882,0,0,0,0
"Guatemala","Government",45,"Americas",254,1,9593,809,0,0,0,0
"Guatemala","Government",45,"Americas",284,1,61052,809,1,1,0,2
"Guatemala","Government",45,"Americas",278,1,28852,809,0,0,0,1
"Guatemala","Government",45,"Americas",263,1,30025,809,0,0,0,0
"Guatemala","Government",45,"Americas",253,1,14911,809,0,0,0,0
"Guatemala","Government",45,"Americas",292,1,48142,809,0,0,0,0
"Guatemala","Government",45,"Americas",291,1,63182,809,0,1,0,0
"Guatemala","Government",45,"Americas",283,1,45658,809,0,0,0,0
"Guatemala","Government",45,"Americas",296,1,7459,809,0,0,0,2
"Guatemala","Government",45,"Americas",273,1,23822,809,0,0,0,0
"Guatemala","Government",45,"Americas",334,1,20963,809,0,0,0,1
"Guatemala","Government",45,"Americas",258,1,4626,809,0,0,0,0
"Guatemala","Government",45,"Americas",382,1,8677,809,0,0,0,0
"Guatemala","Government",45,"Americas",383,1,6751,809,0,0,0,0
"Guatemala","Government",45,"Americas",289,1,7592,809,0,0,0,0
"Guatemala","Government",45,"Americas",255,1,858,809,0,0,0,0
"Guatemala","Government",45,"Americas",704,1,6973,809,0,0,0,0
"Guatemala","Government",45,"Americas",309,1,6600,809,0,0,0,0
"Guinea-Bissau","Government",46,"Africa (excl MENA)",79,1,7562,902,0,0,0,0
"Guinea-Bissau","Government",46,"Africa (excl MENA)",218,1,2843,902,0,0,0,0
"Guinea-Bissau","Government",46,"Africa (excl MENA)",185,1,2873,902,0,0,0,0
"Guinea-Bissau","Government",46,"Africa (excl MENA)",323,1,1997,902,0,0,0,0
"Guinea-Bissau","Government",46,"Africa (excl MENA)",329,1,5059,902,0,0,0,0
"Guinea-Bissau","Government",46,"Africa (excl MENA)",1040,1,3872,902,0,0,0,0
"Indonesia/Aceh","Government/territory",55,"Asia and Pacific",450,1,18355,930,0,1,0,0
"Indonesia/Aceh","Government/territory",55,"Asia and Pacific",1689,1,7383,912,0,0,0,0
"Indonesia/Aceh","Government/territory",55,"Asia and Pacific",325,1,15498,912,0,0,0,0
"Indonesia/Aceh","Government/territory",55,"Asia and Pacific",100,1,1457,912,0,0,0,0
"Indonesia/Aceh","Government/territory",55,"Asia and Pacific",101,1,1687,912,0,0,0,0
"Indonesia/Aceh","Government/territory",55,"Asia and Pacific",102,1,2975,912,0,0,0,0
"Indonesia/Aceh","Government/territory",55,"Asia and Pacific",103,1,2770,912,0,0,0,0
"Indonesia/Aceh","Government/territory",55,"Asia and Pacific",104,1,2240,912,0,0,0,0
"Indonesia/Aceh","Government/territory",55,"Asia and Pacific",105,1,2353,912,0,0,0,0
"Indonesia/Aceh","Government/territory",55,"Asia and Pacific",106,1,3046,912,0,0,0,0
"Indonesia/Aceh","Government/territory",55,"Asia and Pacific",107,1,3900,912,0,0,0,0
"Indonesia/Aceh","Government/territory",55,"Asia and Pacific",108,1,2433,912,0,0,0,0
"Indonesia/Aceh","Government/territory",55,"Asia and Pacific",1196,1,2455,912,0,0,0,0
"Indonesia/Aceh","Government/territory",55,"Asia and Pacific",109,1,6628,912,0,0,0,2
"Indonesia/Aceh","Government/territory",55,"Asia and Pacific",110,1,4995,912,0,0,0,0
"Indonesia/Aceh","Government/territory",55,"Asia and Pacific",111,1,6901,912,0,0,0,0
"Indonesia/Aceh","Government/territory",55,"Asia and Pacific",112,1,6071,912,0,0,0,0
"Indonesia/Aceh","Government/territory",55,"Asia and Pacific",113,1,3285,912,0,0,0,0
"Indonesia/Aceh","Government/territory",55,"Asia and Pacific",114,1,761,912,0,0,0,0
"Indonesia/Moluccas","Inter-group",56,"Asia and Pacific",579,1,4754,910,0,0,0,0
"Indonesia/Moluccas","Inter-group",56,"Asia and Pacific",442,1,5333,910,0,0,0,0
"Liberia","Government",69,"Africa (excl MENA)",338,1,90883,922,0,0,0,2
"Liberia","Government",69,"Africa (excl MENA)",259,1,9517,922,0,0,0,0
"Liberia","Government",69,"Africa (excl MENA)",1315,1,9442,892,0,0,0,0
"Liberia","Government",69,"Africa (excl MENA)",551,1,3072,892,0,0,0,0
"Liberia","Government",69,"Africa (excl MENA)",1314,1,3899,892,0,1,0,0
"Liberia","Government",69,"Africa (excl MENA)",194,1,7161,878,0,0,0,0
"Liberia","Government",69,"Africa (excl MENA)",209,1,4253,878,0,0,0,0
"Liberia","Government",69,"Africa (excl MENA)",279,1,6448,878,0,0,0,0
"Liberia","Government",69,"Africa (excl MENA)",304,1,16930,878,0,0,0,1
"Liberia","Government",69,"Africa (excl MENA)",346,1,26107,878,0,0,0,0
"Liberia","Government",69,"Africa (excl MENA)",1313,1,3203,878,0,0,0,0
"Liberia","Government",69,"Africa (excl MENA)",41,1,6636,878,0,0,0,0
"Liberia","Government",69,"Africa (excl MENA)",564,1,12572,860,0,0,0,0
"Liberia","Government",69,"Africa (excl MENA)",40,1,9103,860,0,0,0,0
"Liberia","Government",69,"Africa (excl MENA)",39,1,3000,860,0,0,0,0
"Liberia","Government",69,"Africa (excl MENA)",38,1,8042,860,0,0,0,0
"Liberia","Government",69,"Africa (excl MENA)",1312,1,8967,860,0,0,0,1
"Liberia","Government",69,"Africa (excl MENA)",1242,1,1496,860,0,0,0,0
"Liberia","Government",69,"Africa (excl MENA)",1041,1,13183,860,0,0,0,1
"Liberia","Government",69,"Africa (excl MENA)",633,1,2074,860,0,0,0,0
"Liberia","Government",69,"Africa (excl MENA)",634,1,1625,860,0,0,0,0
"Liberia","Government",69,"Africa (excl MENA)",1565,1,12227,860,0,0,0,0
"Liberia","Government",69,"Africa (excl MENA)",1309,1,1901,860,0,0,0,0
"Liberia","Government",69,"Africa (excl MENA)",1310,1,2570,860,0,0,0,0
"Liberia","Government",69,"Africa (excl MENA)",1311,1,2132,860,0,0,0,0
"Liberia","Government",69,"Africa (excl MENA)",635,1,5122,860,0,0,0,0
"Liberia","Government",69,"Africa (excl MENA)",1305,1,6251,860,0,0,0,1
"Liberia","Government",69,"Africa (excl MENA)",1306,1,2290,860,0,0,0,0
"Liberia","Government",69,"Africa (excl MENA)",1308,1,1862,860,0,0,0,0
"Liberia","Government",69,"Africa (excl MENA)",1307,1,2511,860,0,0,0,0
"Moldova/Russia/(Transdniestria)","Government/territory",76,"Europe and Eurasia",43,1,2023,873,0,0,0,0
"Moldova/Russia/(Transdniestria)","Government/territory",76,"Europe and Eurasia",42,1,18646,873,0,0,0,0
"Moldova/Russia/(Transdniestria)","Government/territory",76,"Europe and Eurasia",1604,1,16408,873,0,0,0,0
"Moldova/Russia/(Transdniestria)","Government/territory",76,"Europe and Eurasia",1024,1,5776,873,0,0,0,0
"Moldova/Transdniestria","Government/territory",76,"Europe and Eurasia",1957,2,2190,873,0,0,0,0
"Moldova/Transdniestria","Government/territory",76,"Europe and Eurasia",454,1,4799,873,0,0,0,0
"Mozambique","Government",78,"Africa (excl MENA)",392,1,58826,818,0,0,0,1
"Mozambique","Government",78,"Africa (excl MENA)",420,1,6608,818,0,0,0,0
"Mozambique","Government",78,"Africa (excl MENA)",354,1,5116,818,0,0,0,0
"Mozambique","Government",78,"Africa (excl MENA)",495,1,14357,818,0,0,0,1
"Mozambique","Government",78,"Africa (excl MENA)",494,1,7977,818,0,0,0,0
"Mozambique","Government",78,"Africa (excl MENA)",493,1,3498,818,0,0,0,0
"Mozambique","Government",78,"Africa (excl MENA)",46,1,3278,818,0,0,0,0
"Mozambique","Government",78,"Africa (excl MENA)",256,1,5867,818,0,0,0,0
"Mozambique","Government",78,"Africa (excl MENA)",419,1,2759,818,0,0,0,0
"Nepal","Government",81,"Asia and Pacific",1361,1,357477,931,1,1,1,2
"Nepal","Government",81,"Asia and Pacific",1342,1,4214,931,0,0,0,0
"Nepal","Government",81,"Asia and Pacific",733,1,6386,931,0,1,0,2
"Nepal","Government",81,"Asia and Pacific",1799,1,1474,931,0,0,0,0
"Nepal","Government",81,"Asia and Pacific",1798,1,1534,931,0,0,0,0
"Nepal","Government/territory",158,"Asia and Pacific",1797,1,2541,931,0,0,0,0
"Nepal","Government",158,"Asia and Pacific",1768,1,1594,931,0,0,0,0
"Nepal","Government",158,"Asia and Pacific",1767,1,1795,931,0,0,0,1
"Nepal","Government",81,"Asia and Pacific",1766,1,6097,931,0,0,0,0
"Nepal","Government",158,"Asia and Pacific",1765,1,6705,931,0,0,0,0
"Nepal","Government",158,"Asia and Pacific",1764,1,1926,931,0,0,0,0
"Nepal","Government/territory",158,"Asia and Pacific",1763,1,2368,931,0,0,0,0
"Nepal","Government",158,"Asia and Pacific",1762,1,3404,931,0,0,0,0
"Nepal","Government",158,"Asia and Pacific",1761,1,4135,931,0,1,0,2
"Nepal","Government/territory",158,"Asia and Pacific",1760,1,2123,931,0,0,0,0
"Nepal","Government",158,"Asia and Pacific",1759,1,1772,931,0,0,0,0
"Nepal","Government/territory",158,"Asia and Pacific",1758,1,2944,931,0,0,0,0
"Nepal","Government/territory",158,"Asia and Pacific",1757,1,2511,931,0,0,0,0
"Nepal","Government/territory",158,"Asia and Pacific",1755,1,2254,931,0,0,0,0
"Nepal","Government/territory",158,"Asia and Pacific",1756,1,2382,931,0,0,0,0
"Nepal","Government",158,"Asia and Pacific",1754,1,2462,931,0,0,0,1
"Nepal","Government",81,"Asia and Pacific",1753,1,12158,931,0,1,0,2
"Nepal","Government",81,"Asia and Pacific",1752,1,4751,931,0,0,0,0
"Nepal","Government/territory",158,"Asia and Pacific",1751,1,3004,931,0,0,0,2
"Nepal","Government/territory",158,"Asia and Pacific",1750,1,10052,931,0,0,0,2
"Nepal","Government",81,"Asia and Pacific",1749,1,4675,931,0,0,0,3
"Nepal","Government",81,"Asia and Pacific",1748,1,10760,931,0,1,0,1
"Nepal","Government",158,"Asia and Pacific",1747,1,2047,931,0,0,0,0
"Nepal","Government/territory",158,"Asia and Pacific",1746,1,3806,931,0,1,0,2
"Nepal","Government",158,"Asia and Pacific",1744,1,7166,931,0,0,0,2
"Nepal","Government/territory",158,"Asia and Pacific",1745,1,7981,931,0,1,0,2
"Nepal","Government",81,"Asia and Pacific",1322,1,251474,931,0,1,0,1
"Nepal","Government",81,"Asia and Pacific",88,1,32737,931,0,1,0,0
"Nepal","Government",81,"Asia and Pacific",1325,1,1887,931,0,0,0,0
"Nepal","Government",81,"Asia and Pacific",89,1,9714,931,0,0,0,0
"Nepal","Government",81,"Asia and Pacific",333,1,30327,931,0,1,0,2
"Nepal","Government",81,"Asia and Pacific",87,1,17620,931,0,0,0,2
"Nepal","Government",81,"Asia and Pacific",1331,1,1255,931,0,0,0,0
"Nepal","Government",81,"Asia and Pacific",1327,1,7949,931,0,0,0,2
"Nepal","Government",81,"Asia and Pacific",1328,1,1299,931,0,0,0,0
"Nepal","Government",81,"Asia and Pacific",1330,1,707,931,0,0,0,0
"Nepal","Government",81,"Asia and Pacific",1329,1,1360,931,0,0,0,0
"Nepal","Government",81,"Asia and Pacific",1326,1,7326,931,0,0,0,0
"Nepal","Government",81,"Asia and Pacific",1324,1,4678,931,0,0,0,0
"Nepal","Government",81,"Asia and Pacific",86,1,4888,931,0,0,0,0
"Nepal","Government",81,"Asia and Pacific",1063,1,2655,931,0,0,0,0
"Nepal","Government",81,"Asia and Pacific",85,1,5958,931,0,0,0,0
"Nepal","Government",81,"Asia and Pacific",1769,1,9199,931,0,0,0,0
"Nepal","Government",81,"Asia and Pacific",1323,1,1507,931,0,0,0,0
"Nepal","Government",81,"Asia and Pacific",1064,1,3403,931,0,0,0,0
"Nepal","Government",81,"Asia and Pacific",899,1,7787,931,0,1,0,0
"Nicaragua","Government",29,"Americas",921,1,11953,828,0,0,0,0
"Nicaragua","Government",29,"Americas",1086,1,8905,828,0,0,0,0
"Nicaragua","Government",29,"Americas",578,1,5276,828,0,0,0,2
"Nicaragua","Government",29,"Americas",375,1,8687,828,0,0,0,0
"Nicaragua","Government",29,"Americas",215,1,1922,828,0,0,0,0
"Nicaragua","Government",29,"Americas",366,1,6925,828,0,0,0,0
"Nicaragua","Government",29,"Americas",589,1,3371,828,0,0,0,2
"Pakistan/Taliban","Inter-group",86,"Cross-regional",1688,1,1735,932,0,0,0,0
"Papua New Guinea/(Bougainville)","Government/territory",9,"Asia and Pacific",1902,1,5390,854,0,0,0,0
"Papua New Guinea/Bougainville","Government/territory",9,"Asia and Pacific",312,1,123098,854,0,0,0,0
"Papua New Guinea/Bougainville","Government/territory",9,"Asia and Pacific",528,1,6789,854,0,0,0,0
"Papua New Guinea/Bougainville","Government/territory",9,"Asia and Pacific",586,1,8007,854,0,0,0,0
"Papua New Guinea/Bougainville","Government/territory",9,"Asia and Pacific",225,1,3454,854,0,0,0,0
"Papua New Guinea/Bougainville","Government/territory",9,"Asia and Pacific",386,1,2274,854,0,0,0,0
"Papua New Guinea/Bougainville","Government/territory",9,"Asia and Pacific",438,1,4266,854,0,0,0,0
"Papua New Guinea/Bougainville","Government/territory",9,"Asia and Pacific",572,1,1938,854,0,0,0,0
"Papua New Guinea/Bougainville","Government/territory",9,"Asia and Pacific",418,1,8383,854,0,0,0,0
"Papua New Guinea/Bougainville","Government/territory",9,"Asia and Pacific",571,1,1353,854,0,0,0,0
"Papua New Guinea/Bougainville","Government/territory",9,"Asia and Pacific",444,1,6484,854,0,0,0,0
"Papua New Guinea/Bougainville","Government/territory",9,"Asia and Pacific",370,1,23190,854,0,0,0,0
"Papua New Guinea/Bougainville","Government/territory",9,"Asia and Pacific",314,1,3065,854,0,0,0,0
"Papua New Guinea/Bougainville","Government/territory",9,"Asia and Pacific",557,1,7739,854,0,0,0,0
"Papua New Guinea/Bougainville","Government/territory",9,"Asia and Pacific",499,1,10501,854,0,0,0,0
"Papua New Guinea/Bougainville","Government/territory",9,"Asia and Pacific",437,1,7588,854,0,0,0,0
"Papua New Guinea/(Bougainville)","Government/territory",9,"Asia and Pacific",1036,1,26760,854,0,0,0,0
"Papua New Guinea/(Bougainville)","Government/territory",9,"Asia and Pacific",1037,1,10188,854,0,0,0,0
"Papua New Guinea/Bougainville","Government/territory",9,"Asia and Pacific",315,1,3241,854,0,0,0,0
"Papua New Guinea/Bougainville","Government/territory",9,"Asia and Pacific",561,1,4720,854,0,0,0,0
"Papua New Guinea/Bougainville","Government/territory",9,"Asia and Pacific",560,1,4097,854,0,0,0,0
"Papua New Guinea/Bougainville","Government/territory",9,"Asia and Pacific",447,1,2381,854,0,0,0,0
"Papua New Guinea/Bougainville","Government/territory",9,"Asia and Pacific",313,1,18695,854,0,0,0,0
"Papua New Guinea/Bougainville","Government/territory",9,"Asia and Pacific",316,1,3125,854,0,0,0,0
"Papua New Guinea/Bougainville","Government/territory",9,"Asia and Pacific",607,1,5282,854,0,0,0,0
"Papua New Guinea/Bougainville","Government/territory",9,"Asia and Pacific",326,1,3224,854,0,0,0,0
"Papua New Guinea/Bougainville","Government/territory",9,"Asia and Pacific",468,1,2429,854,0,0,0,0
"Papua New Guinea/(Bougainville)","Government/territory",9,"Asia and Pacific",232,1,28543,854,0,0,0,0
"Papua New Guinea/Bougainville","Government/territory",9,"Asia and Pacific",639,1,3368,854,0,0,0,0
"Papua New Guinea/Bougainville","Government/territory",9,"Asia and Pacific",588,1,18312,854,0,0,0,0
"Papua New Guinea/Bougainville","Government/territory",9,"Asia and Pacific",570,1,8806,854,0,0,0,0
"Papua New Guinea/Bougainville","Government/territory",9,"Asia and Pacific",1017,1,3667,854,0,0,0,1
"Papua New Guinea/Bougainville","Government/territory",9,"Asia and Pacific",377,1,2427,854,0,0,0,0
"Papua New Guinea/Bougainville","Government/territory",9,"Asia and Pacific",295,1,1361,854,0,0,0,0
"Philippines","Government",88,"Asia and Pacific",2261,3,2820,790,0,0,0,0
"Philippines","Government",88,"Asia and Pacific",2108,2,5847,790,0,0,0,0
"Philippines","Government",88,"Asia and Pacific",2107,2,3446,790,0,0,0,0
"Philippines","Government",88,"Asia and Pacific",2055,2,2926,790,0,0,0,0
"Philippines","Government",88,"Asia and Pacific",1979,2,17049,790,0,0,0,0
"Philippines","Government",88,"Asia and Pacific",1978,2,15096,790,0,0,0,0
"Philippines","Government",88,"Asia and Pacific",1976,2,2092,790,0,0,0,0
"Philippines","Government",88,"Asia and Pacific",1842,1,9145,786,0,0,0,0
"Philippines","Government",88,"Asia and Pacific",943,1,3579,790,0,0,0,0
"Philippines","Government",88,"Asia and Pacific",942,1,839,790,0,0,0,0
"Philippines","Government",88,"Asia and Pacific",1058,1,2914,790,0,0,0,0
"Philippines","Government",88,"Asia and Pacific",98,1,15692,790,0,0,0,2
"Philippines","Government",88,"Asia and Pacific",99,1,19964,790,0,0,0,2
"Philippines","Government",88,"Asia and Pacific",936,1,3398,790,0,0,0,2
"Philippines","Government",88,"Asia and Pacific",935,1,4698,790,0,0,0,0
"Philippines","Government",88,"Asia and Pacific",934,1,3376,790,0,0,0,0
"Philippines","Government",88,"Asia and Pacific",335,1,33987,790,0,0,0,2
"Philippines","Government",88,"Asia and Pacific",932,1,7445,790,0,0,0,0
"Philippines","Government",88,"Asia and Pacific",933,1,5384,790,0,0,0,2
"Philippines","Government",88,"Asia and Pacific",1038,1,4912,790,0,0,0,0
"Philippines","Government",88,"Asia and Pacific",1032,1,5278,790,0,0,0,0
"Philippines","Government",88,"Asia and Pacific",416,1,10992,790,0,0,0,0
"Philippines","Government",88,"Asia and Pacific",417,1,5955,790,0,0,0,0
"Philippines","Government",88,"Asia and Pacific",415,1,11330,790,0,0,0,0
"Philippines","Government",88,"Asia and Pacific",559,1,8589,790,0,0,0,2
"Philippines","Government",88,"Asia and Pacific",569,1,1885,790,0,0,0,0
"Philippines/Cordillera","Government/territory",89,"Asia and Pacific",854,1,26047,786,0,0,0,0
"Philippines/Mindanao","Territory",90,"Asia and Pacific",2050,2,7589,926,0,0,0,0
"Philippines/Mindanao","Government/territory",90,"Asia and Pacific",2059,2,8097,926,0,0,0,0
"Philippines/Mindanao","Government/territory",90,"Asia and Pacific",2058,2,744,926,0,0,0,0
"Philippines/Mindanao","Government/territory",90,"Asia and Pacific",2057,2,2883,926,0,0,0,0
"Philippines/Mindanao","Government/territory",90,"Asia and Pacific",2060,2,4111,926,0,0,0,0
"Philippines/Mindanao","Government/territory",90,"Asia and Pacific",2054,2,9710,926,0,0,0,0
"Philippines/Mindanao","Government",90,"Asia and Pacific",1977,2,4097,926,0,0,0,0
"Philippines/Mindanao","Government/territory",90,"Asia and Pacific",1975,2,7343,926,0,0,0,0
"Philippines/Mindanao","Government/territory",90,"Asia and Pacific",1974,2,3353,926,0,0,0,0
"Philippines/Mindanao","Government/territory",90,"Asia and Pacific",1353,1,3870,926,0,0,0,0
"Philippines/Mindanao","Government/territory",90,"Asia and Pacific",1351,1,475,926,0,0,0,0
"Philippines/Mindanao","Government/territory",90,"Asia and Pacific",1352,1,442,926,0,0,0,0
"Philippines/Mindanao","Government/territory",90,"Asia and Pacific",1355,1,18303,926,0,0,0,0
"Philippines/Mindanao","Government/territory",90,"Asia and Pacific",1350,1,442,926,0,0,0,0
"Philippines/Mindanao","Government/territory",90,"Asia and Pacific",1349,1,1581,926,0,0,0,0
"Philippines/Mindanao","Government/territory",90,"Asia and Pacific",1348,1,3780,926,0,0,0,0
"Philippines/Mindanao","Government/territory",90,"Asia and Pacific",881,1,9028,926,0,0,0,0
"Philippines/Mindanao","Government/territory",90,"Asia and Pacific",1345,1,4631,926,0,0,0,0
"Philippines/Mindanao","Government/territory",90,"Asia and Pacific",1346,1,3941,926,0,0,0,0
"Philippines/Mindanao","Government/territory",90,"Asia and Pacific",1347,1,4355,926,0,0,0,2
"Philippines/Mindanao","Government/territory",90,"Asia and Pacific",882,1,15563,926,0,0,0,2
"Philippines/Mindanao","Government/territory",90,"Asia and Pacific",883,1,3698,926,0,0,0,0
"Philippines/Mindanao","Government/territory",90,"Asia and Pacific",868,1,27936,926,0,0,1,0
"Philippines/Mindanao","Government/territory",90,"Asia and Pacific",869,1,13651,926,1,0,0,0
"Philippines/Mindanao","Government/territory",90,"Asia and Pacific",870,1,8305,926,0,0,0,0
"Philippines/Mindanao","Government/territory",90,"Asia and Pacific",871,1,7572,926,0,0,0,0
"Philippines/Mindanao","Government/territory",90,"Asia and Pacific",872,1,9955,926,0,0,0,0
"Philippines/Mindanao","Government/territory",90,"Asia and Pacific",873,1,4725,926,0,0,0,0
"Philippines/Mindanao","Government/territory",90,"Asia and Pacific",874,1,6168,926,0,0,0,0
"Philippines/Mindanao","Government/territory",90,"Asia and Pacific",867,1,20762,926,0,1,0,2
"Philippines/Mindanao","Government/territory",90,"Asia and Pacific",866,1,3888,926,0,0,0,1
"Philippines/Mindanao","Government/territory",90,"Asia and Pacific",1015,1,6190,926,0,0,0,0
"Philippines/Mindanao","Government/territory",90,"Asia and Pacific",1354,1,6561,926,0,0,0,0
"Philippines/Mindanao","Government/territory",90,"Asia and Pacific",1005,1,3256,926,0,0,0,0
"Philippines/Mindanao","Government/territory",90,"Asia and Pacific",1006,1,4322,926,0,0,0,1
"Philippines/Mindanao","Government/territory",90,"Asia and Pacific",738,1,9118,926,0,0,0,0
"Philippines/Mindanao","Government/territory",90,"Asia and Pacific",1004,1,19256,926,0,0,0,1
"Philippines/Mindanao","Government/territory",90,"Asia and Pacific",1003,1,4062,926,0,0,0,0
"Philippines/Mindanao","Government/territory",90,"Asia and Pacific",665,1,11798,926,0,0,0,0
"Philippines/Mindanao","Government/territory",90,"Asia and Pacific",666,1,6899,926,0,0,0,0
"Philippines/Mindanao","Government/territory",90,"Asia and Pacific",1002,1,2706,926,0,0,0,0
"Philippines/Mindanao","Government/territory",90,"Asia and Pacific",1001,1,887,926,0,0,0,0
"Philippines/Mindanao","Government/territory",90,"Asia and Pacific",660,1,2764,926,0,0,0,0
"Philippines/Mindanao","Government/territory",90,"Asia and Pacific",737,1,4595,926,0,0,0,0
"Philippines/Mindanao","Government/territory",90,"Asia and Pacific",841,1,2021,926,0,0,0,0
"Philippines/Mindanao","Government/territory",90,"Asia and Pacific",999,1,26999,926,1,1,0,1
"Philippines/Mindanao","Government/territory",90,"Asia and Pacific",1000,1,1863,926,0,0,0,0
"Philippines/Mindanao","Government/territory",90,"Asia and Pacific",998,1,2415,926,0,0,0,0
"Philippines/Mindanao","Government/territory",90,"Asia and Pacific",1074,1,3628,926,0,0,0,0
"Philippines/Mindanao","Government/territory",90,"Asia and Pacific",997,1,1436,926,0,0,0,0
"Philippines/Mindanao","Government/territory",90,"Asia and Pacific",664,1,10250,926,0,0,0,0
"Philippines/Mindanao","Government/territory",90,"Asia and Pacific",996,1,1876,926,0,0,0,0
"Philippines/Mindanao","Government/territory",90,"Asia and Pacific",1972,2,3585,916,0,0,0,0
"Philippines/Mindanao","Government/territory",90,"Asia and Pacific",995,1,3245,926,0,0,0,0
"Philippines/Mindanao","Government/territory",90,"Asia and Pacific",992,1,2620,926,0,0,0,1
"Philippines/Mindanao","Government/territory",90,"Asia and Pacific",994,1,3013,926,0,0,0,0
"Philippines/Mindanao","Government/territory",90,"Asia and Pacific",980,1,17313,926,0,1,0,0
"Philippines/Mindanao","Government/territory",90,"Asia and Pacific",979,1,1113,926,0,0,0,0
"Philippines/Mindanao","Government/territory",90,"Asia and Pacific",991,1,4910,926,0,0,0,0
"Philippines/Mindanao","Government/territory",90,"Asia and Pacific",993,1,1066,926,0,0,0,0
"Philippines/Mindanao","Government/territory",90,"Asia and Pacific",663,1,3391,926,1,0,0,0
"Philippines/Mindanao","Government/territory",90,"Asia and Pacific",977,1,2725,926,0,0,0,0
"Philippines/Mindanao","Government/territory",90,"Asia and Pacific",975,1,1602,926,0,0,0,0
"Philippines/Mindanao","Government/territory",90,"Asia and Pacific",662,1,3154,926,0,0,0,0
"Philippines/Mindanao","Government/territory",90,"Asia and Pacific",974,1,2818,926,0,0,0,0
"Philippines/Mindanao","Government/territory",90,"Asia and Pacific",973,1,2314,926,0,0,0,0
"Philippines/Mindanao","Government/territory",90,"Asia and Pacific",972,1,6612,926,0,0,0,0
"Philippines/Mindanao","Government/territory",90,"Asia and Pacific",661,1,7777,926,0,0,0,0
"Philippines/Mindanao","Government/territory",90,"Asia and Pacific",971,1,2599,926,0,0,0,0
"Philippines/Mindanao","Government/territory",90,"Asia and Pacific",191,1,2511,926,0,0,0,0
"Philippines/Mindanao","Government/territory",90,"Asia and Pacific",401,1,9355,916,0,0,0,0
"Philippines/Mindanao","Government/territory",90,"Asia and Pacific",190,1,2487,916,0,0,0,0
"Philippines/Mindanao","Government/territory",90,"Asia and Pacific",970,1,8317,916,0,0,0,0
"Philippines/Mindanao","Government/territory",90,"Asia and Pacific",402,1,14014,916,0,0,0,0
"Philippines/Mindanao","Government/territory",90,"Asia and Pacific",396,1,2375,916,0,0,0,0
"Philippines/Mindanao","Government/territory",90,"Asia and Pacific",269,1,6683,916,0,0,0,0
"Philippines/Mindanao","Government/territory",90,"Asia and Pacific",282,1,3272,916,0,0,0,0
"Philippines/Mindanao","Government/territory",90,"Asia and Pacific",968,1,1393,916,0,0,0,0
"Philippines/Mindanao","Government/territory",90,"Asia and Pacific",967,1,1540,916,0,0,0,0
"Philippines/Mindanao","Government/territory",90,"Asia and Pacific",966,1,4013,916,0,0,0,0
"Philippines/Mindanao","Government/territory",90,"Asia and Pacific",274,1,1237,916,0,0,0,0
"Philippines/Mindanao","Government/territory",90,"Asia and Pacific",965,1,3301,916,0,0,0,0
"Philippines/Mindanao","Government/territory",90,"Asia and Pacific",964,1,2150,916,0,0,0,0
"Philippines/Mindanao","Government/territory",90,"Asia and Pacific",963,1,3192,916,0,1,0,1
"Philippines/Mindanao","Government/territory",90,"Asia and Pacific",962,1,2492,916,0,0,0,0
"Philippines/Mindanao","Government/territory",90,"Asia and Pacific",961,1,2144,916,0,0,0,0
"Philippines/Mindanao","Government/territory",90,"Asia and Pacific",959,1,2600,916,0,0,0,0
"Philippines/Mindanao","Government/territory",90,"Asia and Pacific",659,1,1434,916,0,0,0,0
"Philippines/Mindanao","Government/territory",90,"Asia and Pacific",958,1,2210,786,0,0,0,0
"Philippines/Mindanao","Government/territory",90,"Asia and Pacific",957,1,7565,786,0,0,0,0
"Philippines/Mindanao","Government/territory",90,"Asia and Pacific",658,1,1973,786,0,0,0,0
"Philippines/Mindanao","Government/territory",90,"Asia and Pacific",955,1,1794,786,0,0,0,0
"Philippines/Mindanao","Government/territory",90,"Asia and Pacific",956,1,865,786,0,0,0,0
"Philippines/Mindanao","Government/territory",90,"Asia and Pacific",954,1,2067,786,0,0,0,0
"Philippines/Mindanao","Government/territory",90,"Asia and Pacific",539,1,648,786,0,0,0,0
"Philippines/Mindanao","Government/territory",90,"Asia and Pacific",529,1,7176,786,0,0,0,0
"Philippines/Mindanao","Government/territory",90,"Asia and Pacific",530,1,6551,786,0,0,0,0
"Philippines/Mindanao","Government/territory",90,"Asia and Pacific",657,1,2724,786,0,0,0,0
"Philippines/Mindanao","Government/territory",90,"Asia and Pacific",953,1,2595,786,0,0,0,0
"Philippines/Mindanao","Government/territory",90,"Asia and Pacific",189,1,1050,786,0,0,0,0
"Philippines/Mindanao","Government/territory",90,"Asia and Pacific",656,1,2055,786,0,0,0,0
"Philippines/Mindanao","Government/territory",90,"Asia and Pacific",655,1,2199,786,0,0,0,0
"Philippines/Mindanao","Government/territory",90,"Asia and Pacific",527,1,2831,786,0,0,0,0
"Philippines/Mindanao","Government/territory",90,"Asia and Pacific",952,1,2210,786,0,0,0,0
"Philippines/Mindanao","Government/territory",90,"Asia and Pacific",390,1,2088,786,0,0,0,0
"Philippines/Mindanao","Government/territory",90,"Asia and Pacific",951,1,1392,786,0,0,0,0
"Philippines/Mindanao","Government/territory",90,"Asia and Pacific",298,1,4643,786,0,0,0,0
"Philippines/Mindanao","Government/territory",90,"Asia and Pacific",654,1,4641,786,0,0,0,0
"Philippines/Mindanao","Government/territory",90,"Asia and Pacific",950,1,2947,786,0,0,0,0
"Philippines/Mindanao","Government/territory",90,"Asia and Pacific",297,1,2382,786,0,0,0,0
"Philippines/Mindanao","Government/territory",90,"Asia and Pacific",403,1,8147,786,0,0,0,0
"Philippines/Mindanao","Government/territory",90,"Asia and Pacific",949,1,1809,786,0,0,0,0
"Philippines/Mindanao","Government/territory",90,"Asia and Pacific",400,1,8223,786,0,0,0,0
"Philippines/Mindanao","Government/territory",90,"Asia and Pacific",242,1,1720,786,0,0,0,0
"Philippines/Mindanao","Government/territory",90,"Asia and Pacific",948,1,2103,786,0,0,0,0
"Philippines/Mindanao","Government/territory",90,"Asia and Pacific",244,1,2493,786,0,0,0,0
"Philippines/Mindanao","Government/territory",90,"Asia and Pacific",946,1,4527,786,0,0,0,0
"Philippines/Mindanao","Government/territory",90,"Asia and Pacific",947,1,4156,786,0,0,0,0
"Philippines/Mindanao","Government/territory",90,"Asia and Pacific",945,1,4339,786,0,0,0,0
"Philippines/Mindanao","Government/territory",90,"Asia and Pacific",406,1,2429,786,0,0,0,0
"Philippines/Mindanao","Government/territory",90,"Asia and Pacific",944,1,1819,786,0,0,0,0
"Philippines/Mindanao","Government/territory",90,"Asia and Pacific",479,1,63606,786,1,0,0,0
"Philippines/Mindanao","Government/territory",90,"Asia and Pacific",187,1,3115,786,0,0,0,0
"Philippines/Mindanao","Government/territory",90,"Asia and Pacific",545,1,8357,786,0,0,0,0
"Republic of Congo","Government",92,"Africa (excl MENA)",1046,1,4353,908,0,0,0,0
"Republic of Congo","Government",92,"Africa (excl MENA)",201,1,11876,908,0,0,0,0
"Republic of Congo","Government",92,"Africa (excl MENA)",198,1,26483,908,0,0,0,2
"Russia/Chechnya","Government/territory",93,"Europe and Eurasia",1285,1,1824,888,0,0,0,0
"Russia/Chechnya","Government/territory",93,"Europe and Eurasia",481,1,945,888,0,0,0,0
"Russia/Chechnya","Government/territory",93,"Europe and Eurasia",532,1,2669,888,0,0,0,2
"Russia/Chechnya","Government/territory",93,"Europe and Eurasia",1284,1,2444,888,0,0,0,0
"Russia/Chechnya","Government/territory",93,"Europe and Eurasia",1286,1,5470,888,0,0,0,0
"Russia/Chechnya","Government/territory",93,"Europe and Eurasia",434,1,3262,888,0,0,0,0
"Russia/Chechnya","Government/territory",93,"Europe and Eurasia",533,1,3423,888,0,0,0,0
"Russia/Chechnya","Government/territory",93,"Europe and Eurasia",227,1,1778,888,0,0,0,1
"Russia/Chechnya","Government/territory",93,"Europe and Eurasia",511,1,5745,888,0,0,0,0
"Russia/Chechnya","Government/territory",93,"Europe and Eurasia",513,1,4115,888,0,0,0,0
"Russia/Chechnya","Government/territory",93,"Europe and Eurasia",1283,1,970,888,0,0,0,0
"Russia/Chechnya","Government/territory",93,"Europe and Eurasia",371,1,24104,888,0,0,1,0
"Russia/Chechnya","Government/territory",93,"Europe and Eurasia",512,1,1901,888,0,0,0,0
"Russia/Chechnya","Government/territory",93,"Europe and Eurasia",251,1,941,888,0,0,0,0
"Russia/Chechnya","Government/territory",93,"Europe and Eurasia",365,1,3738,888,0,0,0,0
"Russia/Chechnya","Government/territory",93,"Europe and Eurasia",1282,1,2755,888,0,0,0,0
"Russia/Chechnya","Government/territory",93,"Europe and Eurasia",302,1,7081,888,0,0,0,0
"Russia/Chechnya","Government/territory",93,"Europe and Eurasia",288,1,6464,888,0,0,0,0
"Russia/Chechnya","Government/territory",93,"Europe and Eurasia",1281,1,666,888,0,0,0,0
"Russia/Chechnya","Government/territory",93,"Europe and Eurasia",509,1,2996,888,0,0,0,0
"Russia/Chechnya","Government/territory",93,"Europe and Eurasia",510,1,2392,888,0,0,0,0
"Rwanda","Government",47,"Africa (excl MENA)",475,1,9885,886,0,0,0,0
"Rwanda","Government",47,"Africa (excl MENA)",506,1,15104,886,0,0,0,0
"Rwanda","Government",47,"Africa (excl MENA)",507,1,118418,886,0,0,0,0
"Rwanda","Government",47,"Africa (excl MENA)",505,1,19618,886,0,1,0,0
"Rwanda","Government",47,"Africa (excl MENA)",1343,1,22525,886,0,0,0,0
"Rwanda","Government",47,"Africa (excl MENA)",504,1,29514,886,0,0,0,1
"Rwanda","Government",47,"Africa (excl MENA)",503,1,8739,886,0,0,0,0
"Rwanda","Government",47,"Africa (excl MENA)",469,1,9094,886,0,0,0,1
"Sierra Leone","Government",71,"Africa (excl MENA)",1050,1,848,898,0,0,0,0
"Sierra Leone","Government",71,"Africa (excl MENA)",320,1,4967,898,0,0,0,0
"Sierra Leone","Government",71,"Africa (excl MENA)",478,1,53965,898,0,0,0,2
"Sierra Leone","Government",71,"Africa (excl MENA)",63,1,3324,898,0,0,0,0
"Sierra Leone","Government",71,"Africa (excl MENA)",62,1,1261,898,0,0,0,0
"Sierra Leone","Government",71,"Africa (excl MENA)",260,1,2942,898,0,0,0,0
"Sierra Leone","Government",71,"Africa (excl MENA)",330,1,6857,863,0,0,0,0
"Sierra Leone","Government",71,"Africa (excl MENA)",374,1,3700,863,0,0,0,0
"Sierra Leone","Government",71,"Africa (excl MENA)",476,1,19399,863,0,0,0,0
"Somalia","Government/territory",87,"Africa (excl MENA)",1712,1,3963,938,0,0,0,0
"Somalia","Government/territory",87,"Africa (excl MENA)",797,1,4490,938,0,0,0,0
"Somalia","Government/territory",87,"Africa (excl MENA)",795,1,4435,938,0,0,0,0
"Somalia","Government/territory",87,"Africa (excl MENA)",791,1,10989,938,0,0,0,0
"Somalia","Government/territory",87,"Africa (excl MENA)",1403,1,3361,938,0,0,0,0
"Somalia","Government/territory",87,"Africa (excl MENA)",1360,1,142251,938,0,0,1,0
"Somalia","Government/territory",87,"Africa (excl MENA)",782,1,12732,938,0,0,0,0
"Somalia","Government/territory",87,"Africa (excl MENA)",783,1,11068,938,0,0,0,0
"Somalia","Government/territory",87,"Africa (excl MENA)",779,1,4028,938,0,0,0,0
"Somalia","Government/territory",87,"Africa (excl MENA)",780,1,3696,938,0,0,0,0
"Somalia","Government/territory",87,"Africa (excl MENA)",781,1,4520,938,0,0,0,0
"Somalia","Government/territory",87,"Africa (excl MENA)",745,1,32368,938,0,0,0,0
"Somalia","Government",87,"Africa (excl MENA)",746,1,6501,938,0,0,0,0
"Somalia","Government",87,"Africa (excl MENA)",747,1,5347,938,0,0,0,0
"Somalia","Government",87,"Africa (excl MENA)",743,1,563,938,0,0,0,0
"Somalia","Government",87,"Africa (excl MENA)",686,1,3100,938,0,0,0,0
"Somalia","Government",87,"Africa (excl MENA)",741,1,1008,938,0,0,0,0
"Somalia","Government",87,"Africa (excl MENA)",742,1,2233,938,0,0,0,0
"Somalia","Government",87,"Africa (excl MENA)",740,1,1477,938,0,0,0,0
"Somalia","Government",87,"Africa (excl MENA)",825,1,5054,938,0,0,0,0
"Somalia","Government",87,"Africa (excl MENA)",379,1,3245,938,0,0,0,0
"Somalia","Government",87,"Africa (excl MENA)",331,1,3789,938,0,0,0,0
"Somalia","Government",87,"Africa (excl MENA)",1068,1,5251,938,0,0,0,0
"Somalia","Government/territory",87,"Africa (excl MENA)",590,1,54660,870,0,1,0,0
"Somalia","Government/territory",87,"Africa (excl MENA)",359,1,6674,870,0,0,0,0
"Somalia","Government/territory",87,"Africa (excl MENA)",1682,1,24662,870,0,0,0,0
"Somalia","Government",87,"Africa (excl MENA)",317,1,16571,870,0,0,0,0
"Somalia","Government",87,"Africa (excl MENA)",75,1,29213,870,0,0,0,0
"Somalia","Government",87,"Africa (excl MENA)",907,1,2594,870,0,0,0,0
"Somalia","Government",87,"Africa (excl MENA)",216,1,13921,870,0,1,0,0
"Somalia","Government",87,"Africa (excl MENA)",267,1,3789,870,0,0,0,0
"Somalia","Government",87,"Africa (excl MENA)",280,1,3538,870,0,0,0,0
"Somalia","Government",87,"Africa (excl MENA)",567,1,4381,870,0,0,0,0
"Somalia","Government/territory",87,"Africa (excl MENA)",1677,1,1632,870,0,0,0,0
"Somalia","Government/territory",87,"Africa (excl MENA)",1713,1,1632,870,0,0,0,0
"Somalia","Government/territory",87,"Africa (excl MENA)",1678,1,989,870,0,0,0,0
"Somalia","Government/territory",87,"Africa (excl MENA)",1679,1,1079,870,0,0,0,0
"South Sudan","Inter-group",110,"Africa (excl MENA)",1967,2,11368,836,0,0,0,0
"South Sudan/Sudan","Territory",110,"Africa (excl MENA)",877,1,31411,836,1,0,0,0
"South Sudan/Sudan","Territory",110,"Africa (excl MENA)",878,1,39204,836,0,0,0,0
"South Sudan/Sudan","Government/territory",110,"Africa (excl MENA)",856,1,23699,836,0,0,0,0
"South Sudan/Sudan","Government/territory",110,"Africa (excl MENA)",857,1,15253,836,0,0,0,0
"South Sudan/Sudan","Territory",110,"Africa (excl MENA)",858,1,18772,836,0,0,0,0
"South Sudan/Sudan","Territory",110,"Africa (excl MENA)",859,1,12104,836,0,0,0,0
"South Sudan/Sudan","Territory",110,"Africa (excl MENA)",860,1,11916,836,0,0,0,0
"South Sudan/Sudan","Territory",110,"Africa (excl MENA)",861,1,7310,836,0,0,0,0
"South Sudan/Sudan","Territory",110,"Africa (excl MENA)",862,1,6605,836,0,0,0,0
"South Sudan/Sudan","Territory",110,"Africa (excl MENA)",1076,1,42415,836,0,0,0,0
"South Sudan/Sudan","Territory",110,"Africa (excl MENA)",1077,1,5886,836,0,0,0,0
"South Sudan/Sudan","Territory",110,"Africa (excl MENA)",865,1,6886,836,0,0,0,0
"South Sudan/Sudan","Government/territory",110,"Africa (excl MENA)",1669,1,9943,836,0,0,0,0
"South Sudan/Sudan","Territory",110,"Africa (excl MENA)",1374,1,7007,836,0,0,0,0
"South Sudan/Sudan","Territory",110,"Africa (excl MENA)",1372,1,18194,836,0,0,0,0
"South Sudan/Sudan","Territory",110,"Africa (excl MENA)",1371,1,6943,836,0,0,0,0
"South Sudan/Sudan","Territory",110,"Africa (excl MENA)",1668,1,2684,836,0,0,0,0
"South Sudan/Sudan","Government/territory",109,"Africa (excl MENA)",1800,1,190880,836,1,1,1,2
"South Sudan/Sudan","Government/territory",109,"Africa (excl MENA)",337,1,368567,836,1,1,0,2
"South Sudan/Sudan","Government/territory",109,"Africa (excl MENA)",270,1,63838,836,0,0,0,1
"South Sudan/Sudan","Government/territory",109,"Africa (excl MENA)",576,1,2313,836,0,0,0,0
"South Sudan/Sudan","Government/territory",109,"Africa (excl MENA)",574,1,33834,836,1,0,0,0
"South Sudan/Sudan","Government/territory",109,"Africa (excl MENA)",575,1,2598,836,0,0,0,0
"South Sudan/Sudan","Government/territory",109,"Africa (excl MENA)",1195,1,2876,836,0,0,0,0
"South Sudan/Sudan","Government/territory",109,"Africa (excl MENA)",362,1,4361,836,0,0,0,0
"South Sudan/Sudan","Government/territory",109,"Africa (excl MENA)",581,1,8213,836,0,0,0,0
"South Sudan/Sudan","Government/territory",109,"Africa (excl MENA)",498,1,74270,836,1,0,0,2
"South Sudan/Sudan","Government/territory",109,"Africa (excl MENA)",385,1,40069,836,1,1,0,0
"South Sudan/Sudan","Government/territory",109,"Africa (excl MENA)",275,1,8106,836,0,0,0,0
"South Sudan/Sudan","Government/territory",109,"Africa (excl MENA)",233,1,8596,836,0,0,0,0
"South Sudan/Sudan","Government/territory",109,"Africa (excl MENA)",461,1,2682,836,0,0,0,0
"South Sudan/Sudan","Government/territory",109,"Africa (excl MENA)",451,1,4132,836,0,0,0,0
"South Sudan/Sudan","Government/territory",109,"Africa (excl MENA)",453,1,2889,836,0,0,0,0
"South Sudan/Sudan","Government/territory",109,"Africa (excl MENA)",440,1,13716,836,0,0,0,0
"South Sudan/Sudan","Government/territory",109,"Africa (excl MENA)",913,1,7848,836,0,0,0,0
"South Sudan/Sudan","Government/territory",111,"Africa (excl MENA)",470,1,26104,836,0,0,0,2
"South Sudan/Sudan","Government/territory",109,"Africa (excl MENA)",1039,1,1879,836,0,0,0,0
"South Sudan/Sudan","Government/territory",109,"Africa (excl MENA)",550,1,40593,836,1,0,0,1
"South Sudan/Sudan","Government/territory",109,"Africa (excl MENA)",542,1,14498,836,0,0,0,0
"South Sudan/Sudan","Government/territory",109,"Africa (excl MENA)",485,1,3369,836,0,0,0,0
"South Sudan/Sudan","Government/territory",109,"Africa (excl MENA)",486,1,3243,836,0,0,0,0
"South Sudan/Sudan","Government/territory",109,"Africa (excl MENA)",918,1,3354,836,0,0,0,0
"South Sudan/Sudan","Government/territory",109,"Africa (excl MENA)",1021,1,3596,836,0,0,0,0
"South Sudan/Sudan/Darfur","Government/territory",21,"Africa (excl MENA)",1812,1,3955,927,0,0,0,0
"South Sudan/Sudan/(Southern Kordofan - Blue Nile - Abyei)","Government/territory",111,"Africa (excl MENA)",850,1,12104,836,0,0,0,0
"South Sudan/Sudan/Southern Kordofan - Blue Nile - Abyei","Government/territory",111,"Africa (excl MENA)",852,1,8960,836,0,0,0,0
"South Sudan/Sudan/Southern Kordofan - Blue Nile - Abyei","Government/territory",111,"Africa (excl MENA)",750,1,10222,836,0,0,0,1
"South Sudan/Sudan/Southern Kordofan - Blue Nile - Abyei","Government/territory",111,"Africa (excl MENA)",1667,1,2825,836,0,0,0,0
"South Sudan/Sudan/Southern Kordofan - Blue Nile - Abyei","Government/territory",111,"Africa (excl MENA)",830,1,6343,836,0,0,0,0
"South Sudan/Sudan/Southern Kordofan - Blue Nile - Abyei","Government/territory",111,"Africa (excl MENA)",573,1,3300,836,0,0,0,0
"South Sudan/Sudan/Southern Kordofan - Blue Nile - Abyei","Government/territory",111,"Africa (excl MENA)",496,1,22601,836,1,1,0,0
"South Sudan/Sudan/Southern Kordofan - Blue Nile - Abyei","Government/territory",111,"Africa (excl MENA)",583,1,9749,836,0,0,0,0
"South Sudan/Sudan/Southern Kordofan - Blue Nile - Abyei","Government/territory",111,"Africa (excl MENA)",1033,1,9806,836,0,0,0,0
"Sri Lanka","Government/territory",114,"Asia and Pacific",1157,1,1139,835,0,0,0,0
"Sri Lanka","Government/territory",114,"Asia and Pacific",1012,1,12693,835,0,0,0,0
"Sri Lanka","Government/territory",114,"Asia and Pacific",1010,1,18741,835,0,1,0,0
"Sri Lanka","Government/territory",114,"Asia and Pacific",1008,1,9948,835,0,0,0,0
"Sri Lanka","Government/territory",114,"Asia and Pacific",1154,1,16826,835,0,0,0,1
"Sri Lanka","Government/territory",114,"Asia and Pacific",1009,1,9015,835,0,0,0,0
"Sri Lanka","Government/territory",114,"Asia and Pacific",1278,1,6874,835,0,0,0,0
"Sri Lanka","Government/territory",114,"Asia and Pacific",1277,1,3492,835,0,0,0,1
"Sri Lanka","Government/territory",114,"Asia and Pacific",1276,1,3181,835,0,0,0,0
"Sri Lanka","Government/territory",114,"Asia and Pacific",1280,1,15981,835,0,1,0,0
"Sri Lanka","Government/territory",114,"Asia and Pacific",1275,1,4951,835,0,0,0,0
"Sri Lanka","Government",114,"Asia and Pacific",1162,1,2178,835,0,0,0,0
"Sri Lanka","Government/territory",114,"Asia and Pacific",1274,1,987,835,0,0,0,0
"Sri Lanka","Government/territory",114,"Asia and Pacific",1273,1,2024,835,0,0,0,0
"Sri Lanka","Government/territory",114,"Asia and Pacific",1161,1,7207,835,0,0,0,0
"Sri Lanka","Government/territory",114,"Asia and Pacific",1160,1,4905,835,0,0,0,0
"Sri Lanka","Government/territory",114,"Asia and Pacific",1155,1,750,835,0,0,0,0
"Sri Lanka","Government/territory",114,"Asia and Pacific",1159,1,7628,835,0,1,0,1
"Sri Lanka","Government/territory",114,"Asia and Pacific",1158,1,3379,835,0,0,0,0
"Sri Lanka","Government/territory",114,"Asia and Pacific",1163,1,4049,835,0,0,0,0
"Sri Lanka","Government/territory",114,"Asia and Pacific",1011,1,2888,835,0,0,0,0
"Sri Lanka","Government/territory",114,"Asia and Pacific",548,1,8235,835,0,0,0,0
"Sri Lanka","Government/territory",114,"Asia and Pacific",248,1,16043,835,0,0,0,0
"Sri Lanka","Government/territory",113,"Asia and Pacific",1007,1,56481,835,1,1,1,0
"Sri Lanka","Government/territory",113,"Asia and Pacific",355,1,2903,835,0,0,0,0
"Sudan","Government/territory",21,"Africa (excl MENA)",1829,1,3434,927,0,0,0,0
"Sudan","Government/territory",109,"Africa (excl MENA)",1060,1,22437,836,1,0,0,0
"Sudan/Darfur","Government/territory",21,"Africa (excl MENA)",875,1,32326,927,1,0,0,2
"Sudan/Darfur","Government/territory",21,"Africa (excl MENA)",876,1,12915,927,0,0,0,0
"Sudan/Darfur","Government/territory",21,"Africa (excl MENA)",880,1,45352,927,0,0,0,1
"Sudan/Darfur","Government/territory",21,"Africa (excl MENA)",855,1,4747,927,0,0,0,0
"Sudan/Darfur","Government/territory",21,"Africa (excl MENA)",851,1,8121,927,0,0,0,0
"Sudan/Darfur","Government/territory",21,"Africa (excl MENA)",749,1,7533,927,0,0,0,0
"Sudan/Darfur","Government/territory",21,"Africa (excl MENA)",853,1,193468,927,1,1,0,3
"Sudan/Darfur","Government/territory",21,"Africa (excl MENA)",751,1,16745,927,0,0,0,0
"Sudan/Darfur","Government/territory",21,"Africa (excl MENA)",753,1,11493,927,0,0,0,1
"Sudan/Darfur","Government/territory",21,"Africa (excl MENA)",754,1,14336,927,0,0,0,2
"Sudan/Darfur","Government/territory",21,"Africa (excl MENA)",755,1,9285,927,0,0,0,0
"Sudan/Darfur","Government/territory",21,"Africa (excl MENA)",748,1,3203,927,0,0,0,0
"Sudan/Darfur","Government/territory",21,"Africa (excl MENA)",699,1,4448,927,0,0,0,0
"Sudan/Darfur","Government/territory",21,"Africa (excl MENA)",1065,1,3203,927,0,0,0,0
"Sudan/Darfur","Government/territory",21,"Africa (excl MENA)",350,1,198063,927,1,1,0,0
"Sudan/Darfur","Government/territory",21,"Africa (excl MENA)",94,1,7240,927,0,0,0,0
"Sudan/Darfur","Government/territory",21,"Africa (excl MENA)",90,1,14996,927,0,0,0,0
"Sudan/Darfur","Government/territory",21,"Africa (excl MENA)",91,1,14273,927,0,0,0,0
"Sudan/Darfur","Government/territory",21,"Africa (excl MENA)",92,1,27916,927,0,0,0,0
"Sudan/Darfur","Government/territory",21,"Africa (excl MENA)",905,1,11057,927,0,0,0,1
"Sudan/Darfur","Government/territory",21,"Africa (excl MENA)",647,1,15393,927,0,1,0,1
"Tajikistan","Government",116,"Europe and Eurasia",211,1,2548,876,0,0,0,1
"Tajikistan","Government",116,"Europe and Eurasia",435,1,1846,876,0,0,0,0
"Tajikistan","Government",116,"Europe and Eurasia",388,1,8439,876,0,0,0,0
"Tajikistan","Government",116,"Europe and Eurasia",519,1,7574,876,0,0,0,0
"Tajikistan","Government",116,"Europe and Eurasia",515,1,6462,876,0,0,0,0
"Tajikistan","Government",116,"Europe and Eurasia",555,1,6032,876,0,0,0,0
"Tajikistan","Government",116,"Europe and Eurasia",558,1,3273,876,0,0,0,0
"Tajikistan","Government",116,"Europe and Eurasia",514,1,9866,876,0,0,0,0
"Tajikistan","Government",116,"Europe and Eurasia",429,1,2768,876,0,0,0,0
"Tajikistan","Government",116,"Europe and Eurasia",549,1,8677,876,0,0,0,0
"Tajikistan","Government",116,"Europe and Eurasia",219,1,1797,876,0,0,0,0
"Tajikistan","Government",116,"Europe and Eurasia",430,1,2125,876,0,0,0,0
"Tajikistan","Government",116,"Europe and Eurasia",428,1,4466,876,0,0,0,0
"Tajikistan","Government",116,"Europe and Eurasia",516,1,4476,876,0,0,0,0
"Tajikistan","Government",116,"Europe and Eurasia",239,1,7506,876,0,0,0,0
"Tajikistan","Government",116,"Europe and Eurasia",432,1,2298,876,0,0,0,0
"Tajikistan","Government",116,"Europe and Eurasia",517,1,3369,876,0,0,0,0
"Tajikistan","Government",116,"Europe and Eurasia",521,1,3623,876,0,0,0,0
"Tajikistan","Government",116,"Europe and Eurasia",518,1,3862,876,0,0,0,0
"Tajikistan","Government",116,"Europe and Eurasia",585,1,10290,876,0,0,0,0
"Tajikistan","Government",116,"Europe and Eurasia",257,1,4023,876,0,0,0,0
"Uganda","Government",120,"Africa (excl MENA)",684,1,1828,905,0,0,0,0
"Uganda","Government",120,"Africa (excl MENA)",685,1,13012,905,0,0,0,0
"Uganda","Government",120,"Africa (excl MENA)",692,1,13412,905,0,0,0,1
"Uganda","Government",120,"Africa (excl MENA)",694,1,10488,905,0,0,0,0
"Uganda","Government",120,"Africa (excl MENA)",695,1,11345,905,0,1,0,2
"Uganda","Government",120,"Africa (excl MENA)",667,1,11122,905,0,0,0,2
"Uganda","Government",120,"Africa (excl MENA)",757,1,2038,905,0,0,0,0
"Uganda","Government",120,"Africa (excl MENA)",892,1,1905,905,0,0,0,0
"Uganda","Government",120,"Africa (excl MENA)",137,1,18769,905,0,0,0,2
"Uganda","Government",120,"Africa (excl MENA)",888,1,14798,905,0,1,0,0
"Uganda","Government",120,"Africa (excl MENA)",891,1,2764,905,0,0,0,0
"Uganda","Government",120,"Africa (excl MENA)",889,1,2929,905,0,0,0,0
"Uganda","Government",120,"Africa (excl MENA)",890,1,6642,905,0,0,0,0
"Uganda","Government",120,"Africa (excl MENA)",262,1,6884,905,0,0,0,0
"Uganda","Government",120,"Africa (excl MENA)",649,1,7222,905,0,0,0,0
"Uganda","Government",120,"Africa (excl MENA)",1719,1,7831,905,0,0,0,0
"Uganda","Government",120,"Africa (excl MENA)",397,1,5310,905,0,0,0,0
"Yemen","Government",123,"Middle East and North Africa",1434,1,627,941,0,0,0,0
"Yemen","Government",123,"Middle East and North Africa",1433,1,2125,941,0,0,0,2
"Yemen","Government/territory",122,"Middle East and North Africa",250,1,1210,885,0,0,0,0
